{
  "dataset": "fma_small",
  "eval_protocol": "same_track_fixed",
  "reviewer_metrics": {
    "full_minus_baseline": {
      "best_val_acc_delta": -0.00390625,
      "final_val_loss_delta": 0.004001744091510773,
      "generalization_gap_delta": -0.01753689907491207,
      "grad_norm_variance_delta": 0.0337735401637705
    },
    "full_minus_complex": {
      "best_val_acc_delta": -0.0234375,
      "final_val_loss_delta": 0.011616095900535583,
      "generalization_gap_delta": -0.02001330815255642
    }
  },
  "seed": 43,
  "variants": {
    "align": {
      "best_epoch": 20,
      "best_val_acc": 0.32421875,
      "final_generalization_gap": 0.06973290629684925,
      "final_train_ce_loss": 1.8211470004171133,
      "final_train_loss": 1.8426102083176374,
      "final_val_accuracy": 0.32421875,
      "final_val_amp_loss": 0.03715400933288038,
      "final_val_coherence": 0.9741642102599144,
      "final_val_loss": 1.8908799067139626,
      "final_val_phase_loss": 0.19933679327368736,
      "final_val_total_loss": 1.914528988301754,
      "grad_norm_variance": 0.06370902890313998,
      "grad_variance_steps": 200,
      "hit_loss_target": false,
      "loss_target": 1.0,
      "steps_to_loss_target": null,
      "total_wall_time_sec": 374.74206376075745,
      "variant": "align"
    },
    "baseline": {
      "best_epoch": 20,
      "best_val_acc": 0.31640625,
      "final_generalization_gap": 0.07194807566702366,
      "final_train_ce_loss": 1.826511887833476,
      "final_train_loss": 1.826511887833476,
      "final_val_accuracy": 0.31640625,
      "final_val_coherence": null,
      "final_val_loss": 1.8984599635004997,
      "final_val_total_loss": 1.8984599635004997,
      "grad_norm_variance": 0.02993548873936948,
      "grad_variance_steps": 200,
      "hit_loss_target": false,
      "loss_target": 1.0,
      "steps_to_loss_target": null,
      "total_wall_time_sec": 367.5938169956207,
      "variant": "baseline"
    },
    "complex": {
      "best_epoch": 20,
      "best_val_acc": 0.3359375,
      "final_generalization_gap": 0.074424484744668,
      "final_train_ce_loss": 1.816421126946807,
      "final_train_loss": 1.816421126946807,
      "final_val_accuracy": 0.3359375,
      "final_val_coherence": 0.9685752876102924,
      "final_val_loss": 1.890845611691475,
      "final_val_total_loss": 1.890845611691475,
      "grad_norm_variance": 0.05648171275546757,
      "grad_variance_steps": 200,
      "hit_loss_target": false,
      "loss_target": 1.0,
      "steps_to_loss_target": null,
      "total_wall_time_sec": 372.3207106590271,
      "variant": "complex"
    },
    "full": {
      "best_epoch": 20,
      "best_val_acc": 0.3125,
      "final_generalization_gap": 0.05441117659211159,
      "final_train_ce_loss": 1.848050530999899,
      "final_train_gate_mean": 1.049923500046134,
      "final_train_loss": 1.9612738620489836,
      "final_val_accuracy": 0.3125,
      "final_val_amp_loss": 0.08095348882488906,
      "final_val_coherence": 0.8871602527797222,
      "final_val_loss": 1.9024617075920105,
      "final_val_phase_loss": 0.20994703145697713,
      "final_val_total_loss": 1.9315517619252205,
      "grad_norm_variance": 0.06370902890313998,
      "grad_variance_steps": 200,
      "hit_loss_target": false,
      "loss_target": 1.0,
      "steps_to_loss_target": null,
      "total_wall_time_sec": 363.9946310520172,
      "variant": "full"
    },
    "gate_only": {
      "best_epoch": 4,
      "best_val_acc": 0.29296875,
      "final_generalization_gap": 0.04494599439203739,
      "final_train_ce_loss": 1.8575222846120596,
      "final_train_gate_mean": 1.054332965053618,
      "final_train_loss": 1.9514503255486488,
      "final_val_accuracy": 0.2890625,
      "final_val_coherence": 0.8587789349257946,
      "final_val_loss": 1.902468279004097,
      "final_val_total_loss": 1.902468279004097,
      "grad_norm_variance": 0.05648171275546757,
      "grad_variance_steps": 200,
      "hit_loss_target": false,
      "loss_target": 1.0,
      "steps_to_loss_target": null,
      "total_wall_time_sec": 375.61316752433777,
      "variant": "gate_only"
    }
  }
}