{
  "dataset": "fma_small",
  "eval_protocol": "same_track_fixed",
  "reviewer_metrics": {
    "full_minus_baseline": {
      "best_val_acc_delta": -0.0390625,
      "final_val_loss_delta": 0.0031293630599975586,
      "generalization_gap_delta": -0.026575366035103798,
      "grad_norm_variance_delta": 0.04163150897621183
    },
    "full_minus_complex": {
      "best_val_acc_delta": 0.01171875,
      "final_val_loss_delta": -0.060814373195171356,
      "generalization_gap_delta": -0.07956587709486485
    }
  },
  "seed": 42,
  "variants": {
    "align": {
      "best_epoch": 20,
      "best_val_acc": 0.32421875,
      "final_generalization_gap": 0.027412045747041702,
      "final_train_ce_loss": 1.8384047858417034,
      "final_train_loss": 1.8590092882514,
      "final_val_accuracy": 0.32421875,
      "final_val_amp_loss": 0.030117680842522532,
      "final_val_coherence": 0.973490834236145,
      "final_val_loss": 1.8658168315887451,
      "final_val_phase_loss": 0.17840225249528885,
      "final_val_total_loss": 1.8866688460111618,
      "grad_norm_variance": 0.11513713501212867,
      "grad_variance_steps": 200,
      "hit_loss_target": false,
      "loss_target": 1.0,
      "steps_to_loss_target": null,
      "total_wall_time_sec": 367.398672580719,
      "variant": "align"
    },
    "baseline": {
      "best_epoch": 9,
      "best_val_acc": 0.359375,
      "final_generalization_gap": 0.0009736921638250351,
      "final_train_ce_loss": 1.8353407848626375,
      "final_train_loss": 1.8353407848626375,
      "final_val_accuracy": 0.33203125,
      "final_val_coherence": null,
      "final_val_loss": 1.8363144770264626,
      "final_val_total_loss": 1.8363144770264626,
      "grad_norm_variance": 0.07350562603591684,
      "grad_variance_steps": 200,
      "hit_loss_target": false,
      "loss_target": 1.0,
      "steps_to_loss_target": null,
      "total_wall_time_sec": 367.08254837989807,
      "variant": "baseline"
    },
    "complex": {
      "best_epoch": 18,
      "best_val_acc": 0.30859375,
      "final_generalization_gap": 0.05396420322358608,
      "final_train_ce_loss": 1.8462940100580454,
      "final_train_loss": 1.8462940100580454,
      "final_val_accuracy": 0.296875,
      "final_val_coherence": 1.006608970463276,
      "final_val_loss": 1.9002582132816315,
      "final_val_total_loss": 1.9002582132816315,
      "grad_norm_variance": 0.1615749692504326,
      "grad_variance_steps": 200,
      "hit_loss_target": false,
      "loss_target": 1.0,
      "steps_to_loss_target": null,
      "total_wall_time_sec": 365.17818427085876,
      "variant": "complex"
    },
    "full": {
      "best_epoch": 9,
      "best_val_acc": 0.3203125,
      "final_generalization_gap": -0.025601673871278763,
      "final_train_ce_loss": 1.8650455139577389,
      "final_train_gate_mean": 1.04949907399714,
      "final_train_loss": 1.9686979725956917,
      "final_val_accuracy": 0.3046875,
      "final_val_amp_loss": 0.05891280621290207,
      "final_val_coherence": 0.8653829246759415,
      "final_val_loss": 1.8394438400864601,
      "final_val_phase_loss": 0.2121953614987433,
      "final_val_total_loss": 1.8665546402335167,
      "grad_norm_variance": 0.11513713501212867,
      "grad_variance_steps": 200,
      "hit_loss_target": false,
      "loss_target": 1.0,
      "steps_to_loss_target": null,
      "total_wall_time_sec": 364.88642287254333,
      "variant": "full"
    },
    "gate_only": {
      "best_epoch": 13,
      "best_val_acc": 0.3125,
      "final_generalization_gap": 0.0626398865133524,
      "final_train_ce_loss": 1.8758230712264776,
      "final_train_gate_mean": 1.0550548434257507,
      "final_train_loss": 1.9596881438046694,
      "final_val_accuracy": 0.25,
      "final_val_coherence": 0.8210047893226147,
      "final_val_loss": 1.93846295773983,
      "final_val_total_loss": 1.93846295773983,
      "grad_norm_variance": 0.1615749692504326,
      "grad_variance_steps": 200,
      "hit_loss_target": false,
      "loss_target": 1.0,
      "steps_to_loss_target": null,
      "total_wall_time_sec": 370.3127746582031,
      "variant": "gate_only"
    }
  }
}