{
  "dataset": "fma_small",
  "eval_protocol": "same_track_fixed",
  "reviewer_metrics": {
    "full_minus_baseline": {
      "best_val_acc_delta": 0.00390625,
      "final_val_loss_delta": 0.04790946841239929,
      "generalization_gap_delta": -0.00017961300909519196,
      "grad_norm_variance_delta": 0.017802495272723415
    },
    "full_minus_complex": {
      "best_val_acc_delta": 0.03125,
      "final_val_loss_delta": 0.012475542724132538,
      "generalization_gap_delta": -0.010265612974762917
    }
  },
  "seed": 44,
  "variants": {
    "align": {
      "best_epoch": 19,
      "best_val_acc": 0.36328125,
      "final_generalization_gap": -0.07433503866195679,
      "final_train_ce_loss": 1.8871094733476639,
      "final_train_loss": 1.9049367979168892,
      "final_val_accuracy": 0.2890625,
      "final_val_amp_loss": 0.023215523222461343,
      "final_val_coherence": 1.0081007555127144,
      "final_val_loss": 1.812774434685707,
      "final_val_phase_loss": 0.1330535092856735,
      "final_val_total_loss": 1.8284013494849205,
      "grad_norm_variance": 0.061408572062498556,
      "grad_variance_steps": 200,
      "hit_loss_target": false,
      "loss_target": 1.0,
      "steps_to_loss_target": null,
      "total_wall_time_sec": 365.5694360733032,
      "variant": "align"
    },
    "baseline": {
      "best_epoch": 19,
      "best_val_acc": 0.3984375,
      "final_generalization_gap": -0.07761692628264427,
      "final_train_ce_loss": 1.8638244979083538,
      "final_train_loss": 1.8638244979083538,
      "final_val_accuracy": 0.3515625,
      "final_val_coherence": null,
      "final_val_loss": 1.7862075716257095,
      "final_val_total_loss": 1.7862075716257095,
      "grad_norm_variance": 0.04360607678977514,
      "grad_variance_steps": 200,
      "hit_loss_target": false,
      "loss_target": 1.0,
      "steps_to_loss_target": null,
      "total_wall_time_sec": 368.75761342048645,
      "variant": "baseline"
    },
    "complex": {
      "best_epoch": 19,
      "best_val_acc": 0.37109375,
      "final_generalization_gap": -0.06753092631697655,
      "final_train_ce_loss": 1.8891724236309528,
      "final_train_loss": 1.8891724236309528,
      "final_val_accuracy": 0.3046875,
      "final_val_coherence": 1.0315085351467133,
      "final_val_loss": 1.8216414973139763,
      "final_val_total_loss": 1.8216414973139763,
      "grad_norm_variance": 0.06240227092509484,
      "grad_variance_steps": 200,
      "hit_loss_target": false,
      "loss_target": 1.0,
      "steps_to_loss_target": null,
      "total_wall_time_sec": 373.0255229473114,
      "variant": "complex"
    },
    "full": {
      "best_epoch": 13,
      "best_val_acc": 0.40234375,
      "final_generalization_gap": -0.07779653929173946,
      "final_train_ce_loss": 1.9119135793298483,
      "final_train_gate_mean": 1.0499265007674694,
      "final_train_loss": 2.02534849755466,
      "final_val_accuracy": 0.33203125,
      "final_val_amp_loss": 0.08203950186725706,
      "final_val_coherence": 0.8741136193275452,
      "final_val_loss": 1.8341170400381088,
      "final_val_phase_loss": 0.19664801191538572,
      "final_val_total_loss": 1.8619858026504517,
      "grad_norm_variance": 0.061408572062498556,
      "grad_variance_steps": 200,
      "hit_loss_target": false,
      "loss_target": 1.0,
      "steps_to_loss_target": null,
      "total_wall_time_sec": 365.6424067020416,
      "variant": "full"
    },
    "gate_only": {
      "best_epoch": 18,
      "best_val_acc": 0.359375,
      "final_generalization_gap": -0.10980332270264626,
      "final_train_ce_loss": 1.9167883656919003,
      "final_train_gate_mean": 1.056857643648982,
      "final_train_loss": 2.01651281863451,
      "final_val_accuracy": 0.34375,
      "final_val_coherence": 0.8641998544335365,
      "final_val_loss": 1.806985042989254,
      "final_val_total_loss": 1.806985042989254,
      "grad_norm_variance": 0.06240227092509484,
      "grad_variance_steps": 200,
      "hit_loss_target": false,
      "loss_target": 1.0,
      "steps_to_loss_target": null,
      "total_wall_time_sec": 363.9614975452423,
      "variant": "gate_only"
    }
  }
}