{
  "dataset": "medleydb_sample",
  "eval_protocol": "same_track_fixed",
  "reviewer_metrics": {
    "full_minus_baseline": {
      "best_val_acc_delta": 0.0,
      "final_val_loss_delta": -0.000574388264794834,
      "generalization_gap_delta": 0.003445896949415328,
      "grad_norm_variance_delta": -8.076640811111817
    },
    "full_minus_complex": {
      "best_val_acc_delta": 0.0,
      "final_val_loss_delta": -0.0004638738464564085,
      "generalization_gap_delta": 0.010331901434255997
    }
  },
  "seed": 42,
  "variants": {
    "align": {
      "best_epoch": 2,
      "best_val_acc": 1.0,
      "final_generalization_gap": -0.0033842859775177203,
      "final_train_ce_loss": 0.011023732200555969,
      "final_train_loss": 0.027404293723520823,
      "final_val_accuracy": 1.0,
      "final_val_amp_loss": 0.08898531040176749,
      "final_val_coherence": 0.8304050900042057,
      "final_val_loss": 0.007639446223038249,
      "final_val_phase_loss": 0.22690435138065368,
      "final_val_total_loss": 0.03922841273015365,
      "grad_norm_variance": 0.7638857175753836,
      "grad_variance_steps": 200,
      "hit_loss_target": true,
      "loss_target": 1.0,
      "steps_to_loss_target": 64,
      "total_wall_time_sec": 70.97023224830627,
      "variant": "align"
    },
    "baseline": {
      "best_epoch": 8,
      "best_val_acc": 1.0,
      "final_generalization_gap": -0.011257201615080703,
      "final_train_ce_loss": 0.01627125888626324,
      "final_train_loss": 0.01627125888626324,
      "final_val_accuracy": 1.0,
      "final_val_coherence": null,
      "final_val_loss": 0.005014057271182537,
      "final_val_total_loss": 0.005014057271182537,
      "grad_norm_variance": 8.840526528687201,
      "grad_variance_steps": 200,
      "hit_loss_target": true,
      "loss_target": 1.0,
      "steps_to_loss_target": 64,
      "total_wall_time_sec": 61.59203815460205,
      "variant": "baseline"
    },
    "complex": {
      "best_epoch": 1,
      "best_val_acc": 1.0,
      "final_generalization_gap": -0.018143206099921372,
      "final_train_ce_loss": 0.023046748952765483,
      "final_train_loss": 0.023046748952765483,
      "final_val_accuracy": 1.0,
      "final_val_coherence": 0.7927529253065586,
      "final_val_loss": 0.004903542852844112,
      "final_val_total_loss": 0.004903542852844112,
      "grad_norm_variance": 0.7120266839085239,
      "grad_variance_steps": 200,
      "hit_loss_target": true,
      "loss_target": 1.0,
      "steps_to_loss_target": 64,
      "total_wall_time_sec": 71.53889799118042,
      "variant": "complex"
    },
    "full": {
      "best_epoch": 2,
      "best_val_acc": 1.0,
      "final_generalization_gap": -0.007811304665665375,
      "final_train_ce_loss": 0.012250973672053078,
      "final_train_gate_mean": 1.0503811296075583,
      "final_train_loss": 0.0408518350450322,
      "final_val_accuracy": 1.0,
      "final_val_amp_loss": 0.021522892697248608,
      "final_val_coherence": 0.9219062365591526,
      "final_val_loss": 0.004439669006387703,
      "final_val_phase_loss": 0.14893080585170537,
      "final_val_total_loss": 0.021485039091203362,
      "grad_norm_variance": 0.7638857175753836,
      "grad_variance_steps": 200,
      "hit_loss_target": true,
      "loss_target": 1.0,
      "steps_to_loss_target": 64,
      "total_wall_time_sec": 72.4863121509552,
      "variant": "full"
    },
    "gate_only": {
      "best_epoch": 1,
      "best_val_acc": 1.0,
      "final_generalization_gap": 0.032275639448926086,
      "final_train_ce_loss": 0.009297940599935828,
      "final_train_gate_mean": 1.0687819998711348,
      "final_train_loss": 0.00909091737048584,
      "final_val_accuracy": 0.984375,
      "final_val_coherence": 0.7337114401161671,
      "final_val_loss": 0.04157358004886191,
      "final_val_total_loss": 0.04157358004886191,
      "grad_norm_variance": 0.7120266839085239,
      "grad_variance_steps": 200,
      "hit_loss_target": true,
      "loss_target": 1.0,
      "steps_to_loss_target": 64,
      "total_wall_time_sec": 72.1883590221405,
      "variant": "gate_only"
    }
  }
}